item_number,image_file_name,notes
CS-3A,CS-3A special order,
CS-BA100,CS-BA,
CS-BA80,CS-BA,
CS-BW100,CS-BW,
CS-D46,CS-D46 & D58,
CS-D58,CS-D46 & D58,
HH-S-BZ1,HH-S-1,
HH-S-SV1,HH-S-1,
HH-SB BZ01,HH-SB01,
HH-SB-BZ02,HH-SB02,
JL-G2091-1BZ,JL-G2091-1,
JL-G2091-1GD,JL-G2091-1,
JL-G2091-1SV,JL-G2091-1,
JT-CB60,JT-CB,
JT-GB60,JT-GB,
JT-SB50,JT-SB,
JT-SB80,JT-SB,
LC-70BZ,LC-70,
LC-70GD,LC-70,
LC-70SV,LC-70,
XY-D80G,XY-D80,
ZJ-CLR-1BZ,ZJ-CLR-1,
ZJ-CLR-1GD,ZJ-CLR-1,
ZJ-CLR-1SV,ZJ-CLR-1,
ZJ-CLR-2BZ,ZJ-CLR-2,
ZJ-CLR-2GD,ZJ-CLR-2,
ZJ-CLR-2SV,ZJ-CLR-2,
CS-022-100GD,CS-022-100,
CS-7892-M,CS-7892 SPECIAL ORDER,
CS-A03-L,CS-A03 PROMO 2016 & SPECIAL ORDER,
CS-BA510,CS-BA512,"2 identical image names in folders. Best to use the one in ""Special Order"", but the other could do."
CS-BA58,CS-BA512,"2 identical image names in folders. Best to use the one in ""Special Order"", but the other could do."
CS-BA70,CS-BA,
CS-BW70,CS-BW,
CS-BW80,CS-BW,
CS-CB80,CS-CB,
CS-CY012S,CS-CY012 SPECIAL ORDER,
CS-D100,CS-D,
CS-D23,CS-D345 special order,
CS-D60,CS-D,
CS-D80,CS-D,
CS-E2,CS-E2 SPECIAL ORDER,
CS-FS01,,
CS-GB40,CS-GB,
CS-GB60,CS-GB,
CS-GB80,CS-GB,
CS-H24-M,CS-H24 SPECIAL ORDER,
CS-H24-S,CS-H24 SPECIAL ORDER,
CS-H512,CS-H58 special order,
CS-H58,CS-H58 special order,
CS-H80,,
CS-HJ-3,CS-HJ-3 special order,
CS-HK3,CS-HK3 SPECIAL ORDER,
CS-JH-1L,CS-JH Special Order,
CS-JH-1M,CS-JH Special Order,
CS-JH-1S,CS-JH Special Order,
CS-N2,CS-N2 special order,
CS-ND05-L,CS-ND05-L SPECIAL ORDER,
CS-P01-M,CS-P01 SPECIAL ORDER,
CS-P01-S,CS-P01 SPECIAL ORDER,
CS-PM01,,
CS-SB60,JT-SB,Guessing it's missplaced?
CS-SS180,CS-SS,
CS-SS200,CS-SS,
CS-SS220,CS-SS,
CS-THUMB,CS-THUMB Special Order,
CS-YC888-L,CS-YC888 SPECIAL ORDER,
CS-YC888-M,CS-YC888 SPECIAL ORDER,
CS-YC888-S,CS-YC888 SPECIAL ORDER,
DELIVERY,,service
EXTRA,,service
EXTRA1,,service
EXTRA2,,service
EXTRA3,,service
GH-3047,GH-0347,
GLUE01,,service
GLUE02,,service
GLUE03,,service
GLUE04,,service
GTC030-150,,
GTC030-180,,
GTC030-210,,
GTC031-150,,
GTC031-180,,
GTC031-210,,
GTC032-150,,
GTC032-180,,
GTC032-210,,
GTC034-150,,
GTC034-180,,
GTC034-210,,
GTC035-150,,
GTC035-180,,
GTC035-210,,
GTC037-150,,
GTC037-180,,
GTC037-210,,
HH-147D,HH-147D Special Order,
HH-203,HH-203 Special Order,
HH-5V09,HH-5V09 Special Order,
HH-7390-4G,HH-7390-4G Special Order,
HH-B3001-3R,HH-B3001-3,
HH-L01-BZ,,
HH-L01-GD,,
HH-L01-SV,,
HH-S-GD1,HH-S-1,
HH-SB-GD01,HH-SB01,
HH-SB-GD02,HH-SB02,
HH-SB-SV01,HH-SB01,
HH-SB-SV02,HH-SB02,
HQ6833A/B,,
HX-1267-B,HX-1267 PROMO SEP 2016,
HX-1267-S,HX-1267 PROMO SEP 2016,
HX-1330-8,HX-1330-8 PROMO SEP 2016,
HX-1689B,HX-1689B PROMO SEP 2016,
HX-1706-B9,HX-1706-B9 SPECIAL ORDER,
HX-1835B,HX-1835B PROMO SEP 2016,
HX-1866B,HX-1866B PROMO SEP 2016,
HX-1990,HX-1990 Discontinued,
HX-2059B,HX-2059B PROMO SEP 2016,
HX-2221,HX-2221 SPECIAL ORDER,
HX-3302C,HX-3302C & HX-3303C,
HX-5539-C,HX-5539-C,
IGD-02,,
IGD-05,,
IGD-B01,,
IGD-CG02,,
IGD-COM01,,
IGD-EXT01,,
IGD-T082-100,,
IGD-T082-120,,
IMG-A0113,,
IMG-A0114,IMG-A0269 & A0114 50_ Discount,
IMG-A0115,,
IMG-A1062,,
JL-3000A,JL-3000 WHILE STOCK LAST,
JL-3000B,JL-3000 WHILE STOCK LAST,
JL-3000C,JL-3000 WHILE STOCK LAST,
JL-3018A,JL-3018 SPECIAL ORDER,
JL-3018B,JL-3018 SPECIAL ORDER,
JL-3018C,JL-3018 SPECIAL ORDER,
JL-3045A,JL-3045 SPECIAL ORDER,
JL-3045B,JL-3045 SPECIAL ORDER,
JL-3045C,JL-3045 SPECIAL ORDER,
JL-8708A,JL-8708 SPECIAL ORDER,
JL-8708B,JL-8708 SPECIAL ORDER,
JL-8708C,JL-8708 SPECIAL ORDER,
JL-906A,JL-906 SPECIAL ORDER,
JL-906B,JL-906 SPECIAL ORDER,
JL-906C,JL-906 SPECIAL ORDER,
JL-A288-1A,JL-A288 SPECIAL ORDER,
JL-A288-1B,JL-A288 SPECIAL ORDER,
JL-A288-1C,JL-A288 SPECIAL ORDER,
JL-AN01,JL-AN01 SPECIAL ORDER,
JL-DIY03,,
JL-MR01-SA,JL-MR01 & MR02,
JL-MR02-SA,JL-MR01 & MR02,
JL-SW01-BZ,JL-SW01 Special Order,
JL-SW01-GD,JL-SW01 Special Order,
JL-SW01-SV,JL-SW01 Special Order,
JL-TF025A-HLR,JL-TF025-HLR,
JL-TF025BA-HLR,JL-TF025B-HLR,
JL-TF025BB-HLR,JL-TF025B-HLR,
JL-TF025BC-HLR,JL-TF025B-HLR,
JL-X323A,JL-X323 PROMO SEP 2016 SPECIAL ORDER,
JL-X323C,JL-X323 PROMO SEP 2016 SPECIAL ORDER,
JL-YK015,JL-YK015 PROMO SEP 2016,
JL-YK050A,JL-YK050 Special Order,
JL-YK050B,JL-YK050 Special Order,
JL-YK050C,JL-YK050 Special Order,
JT-446,JT-446 Gifts 80_ discount,
JT-555-C,JT-666-C & JT-555-C,
JT-558,JT-558 Gifts 80_ discount - Copy,
JT-666-C,JT-666-C & JT-555-C,
JT-BB70,JT-BB80 & BB70,
JT-BB80,JT-BB80 & BB70,
JT-BUB80,,
JT-CB70,JT-CB,
JT-D120,,
JT-D60B,JT-Diamond-3,
JT-D60G,JT-Diamond-1,
JT-D60PI,JT-Diamond-5,
JT-D60R,JT-Diamond-2,
JT-D60Y,JT-Diamond-4,
JT-D80B,JT-Diamond-3,
JT-D80G,JT-Diamond-1,
JT-D80P,JT-Diamond,
JT-D80PI,JT-Diamond-5,
JT-D80R,JT-Diamond-2,
JT-D80Y,JT-Diamond-4,
JT-ENB-50,,
JT-RP01,JT-RP,
JT-RP02,JT-RP,
JT-RP03,JT-RP,
KK-CB40,KK-CB,
KK-CB80,KK-CB,
KK-ENB60,KK-ENB,
KK-ENB80,KK-ENB,
LD-010,LD-010 SPECIAL ORDER,
LD-010B,LD-010 SPECIAL ORDER,
LD-019,LD-019 SPECIAL ORDER,
LD-021,LD-021 SPECIAL ORDER,
LD-069-L,LD-069 SPECIAL ORDER,
LD-069-M,LD-069 SPECIAL ORDER,
LD-069-S,LD-069 SPECIAL ORDER,
LD-4436,,
LD-52,LD-52 special order,
LD-557,,
LD-60T,,
LD-61T,LD-61T special order,
LD-62,LD-62 special order,
LD-661,,
LD-669,,
LD-755,,
LD-7711,LD-7711 special order,
LD-8845,LD-884 SPECIAL ORDER,
LD-884C,LD-884 SPECIAL ORDER,
LD-9935S,LD-9935S SPECIAL ORDER,
LD-B.STAR,LD-G.S.B.STAR,
LD-B60,,
LD-CG02,,
LD-G.STAR,LD-G.S.B.STAR,
LD-GL01,LD-GL01 SPECIAL ORDER,
LD-GLB60,LD-GLB,
LD-GLB60-1,LD-GLB-1,
LD-GLB60-B,LD-GLB-B,
LD-GLB80,LD-GLB,
LD-GLB80-1,LD-GLB-1,
LD-GLB80-B,LD-GLB-B,
LD-L60,LD-L60 SPECIAL ORDER,
LD-NC01,LD-NC01 Special Order,
LD-NC02,,
LD-P131-L,LD-P131 SPECIAL ORDER,
LD-P131-M,LD-P131 SPECIAL ORDER,
LD-RB70,,
LD-RB80,,
LD-S.STAR,LD-G.S.B.STAR,
LD-S110,LD-S,
LD-S76,LD-S,
LD-S76B,LD-S76B Special Order,
LD-S90,LD-S,
LD-T070L,LD-T070 Special Order,
LD-T070M,LD-T070 Special Order,
LD-T072-L,LD-T072 SPECIAL ORDER,
LD-T072-M,LD-T072 SPECIAL ORDER,
LD-T072-S,LD-T072 SPECIAL ORDER,
MASK-01,,service
NZJ-MQ75-B,,
NZJ-MQ75-R,,
POSTAGE,,service
REFUND,,service
SANI-01,,service
SP-CS103020,,
SP-EXTRA,,service
SP-HH19441,HH-19441,
SP-HH19442,HH-19442,
SP-JLDIY01,JL-DIY01,
SP-KH202-L,,
SP-KH202-M,,
SP-PF0270-BZ,,
SP-PF0270-GD,,
SP-PF0270-SV,,
SP-ZJFT01,,
ST-BRN,,
ST-C,,
TEST,,service
XY-17-L,,
XY-17-M,,
XY-17-S,,
XY-21-S,XY-21 SPECIAL ORDER,
XY-43-L,,
XY-66-S,,
XY-D60G,XY-D60,
XY-D60R,XY-D60,
XY-D60Y,XY-D60,
XY-D80R,XY-D80,
XY-D80Y,XY-D80,
XY-D80Y-D,XY-D80,
YT6073-5,,
ZJ-11-1A,ZJ-11 SPECIAL ORDER,
ZJ-11-1B,ZJ-11 SPECIAL ORDER,
ZJ-11-1C,ZJ-11 SPECIAL ORDER,
ZJ-13-7B,ZJ-13 SPECIAL ORDER,
ZJ-13-7C,ZJ-13 SPECIAL ORDER,
ZJ-13-7D,ZJ-13 SPECIAL ORDER,
ZJ-32A,ZJ-32 PROMO SEP 2016 SPECIAL ORDER,
ZJ-32B,ZJ-32 PROMO SEP 2016 SPECIAL ORDER,
ZJ-32C,ZJ-32 PROMO SEP 2016 SPECIAL ORDER,
ZJ-35A,ZJ-35 SPECIAL ORDER,
ZJ-35B,ZJ-35 SPECIAL ORDER,
ZJ-35C,ZJ-35 SPECIAL ORDER,
ZJ-60B,,
ZJ-60R,,
ZJ-7018-B,"ZJ-7018-B,R,G",
ZJ-7018-G,"ZJ-7018-B,R,G",
ZJ-7018-R,"ZJ-7018-B,R,G",
ZJ-70B,ZJ-70 R&B PROMO SEP 2016,
ZJ-70R,ZJ-70 R&B PROMO SEP 2016,
ZJ-905-BZ,ZJ-905 plastic cup,
ZJ-905-GD,ZJ-905 plastic cup,
ZJ-DIY05,ZJ-DIY05 Special Order,
ZJ-DIY06,ZJ-DIY06 Special Order,
ZJ-DIY08,ZJ-DIY08 Special Order,
ZJ-DIY10,ZJ-DIY10 Special Order,
ZJ-DIY17,,
ZJ-DIY18,ZJ-DIY18 Special Order,
ZJ-DIY19,ZJ-DIY19 Special Order,
ZJ-DIY20,ZJ-DIY20 Special Order,
ZJ-DIY22,,
ZJ-DIY23,,
ZJ-DIY24,ZJ-DIY24 Special Order,
ZJ-DIY28,,
ZJ-PB665-B,ZJ-PB885-B,
ZJ-PB665-R,ZJ-PB885-R,
ZJ-PB775-B,ZJ-PB885-B,
ZJ-PB775-R,ZJ-PB885-R,
ZJ-WB01,ZJ-WB01 SPECIAL ORDER,
ZJ-WB02,ZJ-WB02 SPECIAL ORDER,